<?xml version="1.0"?>
<libraries>
    <library>
        <location>amd/src/video-lazy.js</location>
        <name>VideoJS</name>
        <license>Apache</license>
        <version>7.17.0</version>
        <licenseversion>2.0</licenseversion>
    </library>
    <library>
        <location>amd/src/Youtube-lazy.js</location>
        <name>YouTube Playback Technology for Video.js</name>
        <license>MIT</license>
        <version>2.6.1</version>
        <licenseversion></licenseversion>
    </library>
    <library>
        <location>videojs</location>
        <name>VideoJS support files</name>
        <license>Apache</license>
        <version>7.17.0</version>
        <licenseversion>2.0</licenseversion>
    </library>
    <library>
        <location>amd/src/local/ogv/ogv.js</location>
        <name>ogv.js</name>
        <license>MIT</license>
        <version>1.8.4</version>
        <licenseversion></licenseversion>
    </library>
    <library>
        <location>ogvjs</location>
        <name>ogv.js support files</name>
        <license>MIT</license>
        <version>1.8.4</version>
    </library>
    <library>
        <location>amd/src/videojs-ogvjs-lazy.js</location>
        <name>ogv.js Tech plugin for Video.JS</name>
        <license>MIT</license>
        <version>0.1.2</version>
        <licenseversion></licenseversion>
    </library>
</libraries>
